{"pools":[{"rolls":{"min":1,"max":10},"bonus_rolls":{"min":0,"max":2},"entries":[{"type":"item","name":"minecraft:redstone","weight":5,"functions":[{"function":"set_count","count":{"min":1,"max":40}}]},{"type":"item","name":"minecraft:redstone_block","weight":2,"functions":[{"function":"set_count","count":{"min":1,"max":4}}]},{"type":"item","name":"minecraft:redstone_torch","weight":4,"functions":[{"function":"set_count","count":{"min":1,"max":4}}]},{"type":"item","name":"minecraft:tnt","weight":2,"functions":[{"function":"set_count","count":{"min":1,"max":5}}]},{"type":"item","name":"minecraft:tnt_minecart","weight":1,"functions":[{"function":"set_count","count":{"min":1,"max":2}}]},{"type":"item","name":"minecraft:detector_rail","weight":2,"functions":[{"function":"set_count","count":{"min":1,"max":3}}]}]}]}

